727897	OMIM:178500
6794	OMIM:175200|OMIM:260350|OMIM:273300
6795	OMIM:243060
6793	OMIM:273300
6790	OMIM:114500
59341	OMIM:113500|OMIM:156530|OMIM:168400|OMIM:181405|OMIM:184095|OMIM:184252|OMIM:600175|OMIM:606071|OMIM:606835
79809	OMIM:209900
55835	OMIM:608393
274	OMIM:255200
4647	OMIM:276900|OMIM:600060|OMIM:601317
57477	OMIM:300434
132158	OMIM:220120
84693	OMIM:251120
2688	OMIM:173100|OMIM:262400|OMIM:262650
26191	OMIM:152700|OMIM:180300|OMIM:193200|OMIM:222100
90	OMIM:135100
113235	OMIM:229050
94	OMIM:600376
83479	OMIM:174300
133522	OMIM:601665
1175	OMIM:600740
79001	OMIM:122700|OMIM:607473
169026	OMIM:125853
3431	OMIM:235550|OMIM:607948
8540	OMIM:600121
2741	OMIM:149400
7454	OMIM:300299|OMIM:301000|OMIM:313900
4593	OMIM:208150
4594	OMIM:251000
4598	OMIM:175900|OMIM:260920
8291	OMIM:253601|OMIM:254130|OMIM:606768
6532	OMIM:164230|OMIM:607834
343637	OMIM:206800
2312	OMIM:146700
2308	OMIM:268220
23746	OMIM:604393
4729	OMIM:252010
4728	OMIM:256000
51256	OMIM:248000
4726	OMIM:252010
2304	OMIM:241850
4722	OMIM:252010|OMIM:256000
11285	OMIM:130070
3748	OMIM:605259
4621	OMIM:178110|OMIM:193700|OMIM:601680
4625	OMIM:160500|OMIM:181430|OMIM:192600|OMIM:255160|OMIM:608358
4627	OMIM:153640|OMIM:153650|OMIM:155100|OMIM:600208|OMIM:603622|OMIM:605249
4629	OMIM:132900
176	OMIM:165800|OMIM:608361
175	OMIM:208400
10397	OMIM:601455
56922	OMIM:210200
54413	OMIM:300425|OMIM:300494
10577	OMIM:607625
24140	OMIM:309549
8842	OMIM:603786|OMIM:608051
149461	OMIM:248190
1760	OMIM:160900
1545	OMIM:137750|OMIM:137760|OMIM:231300|OMIM:604229
695	OMIM:307200
55109	OMIM:149000
9255	OMIM:260600
22999	OMIM:603649
51259	OMIM:603194|OMIM:608091
6774	OMIM:147060
6777	OMIM:245590
6770	OMIM:201710
9968	OMIM:305450|OMIM:309520
257	OMIM:136760
55812	OMIM:604232
9509	OMIM:225410
3689	OMIM:116920
84100	OMIM:209900|OMIM:600151
2517	OMIM:230000
2512	OMIM:600886|OMIM:606159
5961	OMIM:136880|OMIM:169150
5053	OMIM:261600
4166	OMIM:217800
79140	OMIM:209900
3957	OMIM:608446
1154	OMIM:607948
29123	OMIM:148050
8036	OMIM:607721
5729	OMIM:607277
9479	OMIM:125853
127534	OMIM:133200
4297	OMIM:605130
23385	OMIM:142690
23384	OMIM:145410|OMIM:600251
23389	OMIM:608808
4747	OMIM:607684|OMIM:607734
4744	OMIM:105400
55640	OMIM:225790
5860	OMIM:261630
2182	OMIM:300387
4609	OMIM:113970
4607	OMIM:115197|OMIM:192600
4601	OMIM:176807
6452	OMIM:118400
2683	OMIM:607091
151	OMIM:607876
153	OMIM:607276
155	OMIM:601665
6901	OMIM:302060
158	OMIM:103050
5726	OMIM:171200
200576	OMIM:121850
2720	OMIM:230500|OMIM:230600|OMIM:230650|OMIM:253010
2729	OMIM:230450|OMIM:608446
10560	OMIM:249270
6234	OMIM:606164
9742	OMIM:266920
9775	OMIM:268305
285362	OMIM:272200
8864	OMIM:604348
255738	OMIM:603776
811	OMIM:187950|OMIM:254450
5264	OMIM:266500
440193	OMIM:236600
11136	OMIM:220100
11132	OMIM:601283
79728	OMIM:114480
285440	OMIM:210370
653509	OMIM:178500
51741	OMIM:133239
491	OMIM:601386
283989	OMIM:225753|OMIM:277470
5078	OMIM:125853
5071	OMIM:168600|OMIM:211980|OMIM:600116|OMIM:607572
5076	OMIM:120330
5077	OMIM:122880|OMIM:148820|OMIM:193500|OMIM:268220
9562	OMIM:188470
9563	OMIM:604931
10743	OMIM:182290
79977	OMIM:608641
1828	OMIM:148700
9381	OMIM:601071
799	OMIM:166710
23503	OMIM:270700
1131	OMIM:100100
1134	OMIM:253290|OMIM:601462|OMIM:608930
7140	OMIM:601680
79577	OMIM:145000|OMIM:145001|OMIM:608266
7498	OMIM:278300
7490	OMIM:136680|OMIM:156240|OMIM:194070|OMIM:194080|OMIM:256370|OMIM:608978
2	OMIM:104300
5781	OMIM:151100|OMIM:156250|OMIM:163950|OMIM:607785
477	OMIM:104290|OMIM:602481
4760	OMIM:125853|OMIM:606394
4763	OMIM:162200|OMIM:162210|OMIM:193520|OMIM:601321|OMIM:607785
10682	OMIM:302960
10683	OMIM:277300
6253	OMIM:604805
54657	OMIM:218800|OMIM:606785
9719	OMIM:231050
1729	OMIM:124900
5244	OMIM:600803|OMIM:602347
1723	OMIM:263750
3756	OMIM:135500
3000	OMIM:204000|OMIM:601777
8492	OMIM:249500
1586	OMIM:202110
1584	OMIM:103900
1585	OMIM:203400
9451	OMIM:226980
5651	OMIM:226200
79648	OMIM:251200
286077	OMIM:130900
3914	OMIM:104530|OMIM:226650|OMIM:226700
3918	OMIM:226650|OMIM:226700
326625	OMIM:251110
55624	OMIM:253280|OMIM:268000
215	OMIM:300100
158326	OMIM:248450|OMIM:608980
3643	OMIM:125853|OMIM:246200|OMIM:262190
113278	OMIM:211500|OMIM:211530
10644	OMIM:125853
240	OMIM:600807
79087	OMIM:607143
79188	OMIM:604400
7168	OMIM:115196
7169	OMIM:108120|OMIM:601680
8074	OMIM:193100|OMIM:211900
6041	OMIM:601518
1441	OMIM:162830
23133	OMIM:300263
26504	OMIM:217080
6521	OMIM:166900|OMIM:179800|OMIM:185020
2009	OMIM:600348
4851	OMIM:109730
2733	OMIM:253310
4723	OMIM:252010|OMIM:256000
4784	OMIM:602535
56623	OMIM:213300
81839	OMIM:182940|OMIM:600145
120227	OMIM:600081
190	OMIM:300018|OMIM:300200
6911	OMIM:122600
2760	OMIM:272750
9487	OMIM:280000
4620	OMIM:605637
6323	OMIM:607208
241	OMIM:601367
857	OMIM:606721
3458	OMIM:607948
3459	OMIM:209950|OMIM:600263|OMIM:607948
859	OMIM:123320|OMIM:192600|OMIM:272120|OMIM:606072|OMIM:607801
10585	OMIM:236670
26873	OMIM:260005
4983	OMIM:300486
11322	OMIM:226400
3060	OMIM:161400
3064	OMIM:143100
91147	OMIM:213300|OMIM:216360|OMIM:607361
220202	OMIM:221900
83990	OMIM:114480
23203	OMIM:213200
1301	OMIM:154780|OMIM:228520|OMIM:603932|OMIM:604841
5727	OMIM:109400|OMIM:605462
492	OMIM:302500
6473	OMIM:127300|OMIM:249700
3938	OMIM:223000
3931	OMIM:136120|OMIM:245900
3930	OMIM:169400|OMIM:215140
6712	OMIM:600224
55526	OMIM:204750
4041	OMIM:133780|OMIM:144750|OMIM:166710|OMIM:259770|OMIM:601813|OMIM:601884|OMIM:607634|OMIM:607636
3664	OMIM:119300|OMIM:119500|OMIM:608864
3667	OMIM:125853
57216	OMIM:182940
57217	OMIM:243150
3596	OMIM:600807|OMIM:607154
5034	OMIM:112240
4436	OMIM:114500|OMIM:120435|OMIM:158320|OMIM:276300
1080	OMIM:167800|OMIM:211400|OMIM:219700|OMIM:277180
8085	OMIM:147920
10479	OMIM:300243
2820	OMIM:125853
8929	OMIM:209880
7100	OMIM:601744|OMIM:608556
7102	OMIM:300210
650	OMIM:112600|OMIM:235200
1462	OMIM:143200
138050	OMIM:252930
84987	OMIM:220110
4233	OMIM:114550|OMIM:605074|OMIM:607278
11200	OMIM:114480|OMIM:176807|OMIM:259500
8195	OMIM:236700
55704	OMIM:260565
126792	OMIM:271640
51360	OMIM:308205|OMIM:308800
5770	OMIM:125853
23414	OMIM:187500|OMIM:217095
23417	OMIM:248360
444	OMIM:601552
23418	OMIM:172870|OMIM:600105
2694	OMIM:261000
51185	OMIM:607417
51181	OMIM:260800
2299	OMIM:600791
2296	OMIM:601631|OMIM:602482|OMIM:604229
2294	OMIM:265380
7291	OMIM:101400|OMIM:123100|OMIM:180750
38	OMIM:203750
6299	OMIM:107480
6297	OMIM:216820
81857	OMIM:605589
26121	OMIM:600138
34	OMIM:201450
50846	OMIM:233420|OMIM:607080
56975	OMIM:259775
22953	OMIM:608224
22954	OMIM:254110
4591	OMIM:253250
2033	OMIM:114500
2746	OMIM:606762
4846	OMIM:104300|OMIM:145500|OMIM:189800|OMIM:601367
5205	OMIM:147480|OMIM:211600|OMIM:243300
5740	OMIM:145500
57514	OMIM:100300
1910	OMIM:277580|OMIM:600155|OMIM:600501
3048	OMIM:141749
3040	OMIM:140700|OMIM:604131
3043	OMIM:140700|OMIM:141749|OMIM:603902|OMIM:603903
3047	OMIM:141749
6101	OMIM:180100
28234	OMIM:237450
1326	OMIM:211980
8139	OMIM:256850
27063	OMIM:106700
6908	OMIM:168600|OMIM:607136
2395	OMIM:229300
126326	OMIM:601869
126328	OMIM:252010
10049	OMIM:603511
117581	OMIM:200110|OMIM:209885|OMIM:227260
4068	OMIM:308240
5782	OMIM:114500
57492	OMIM:135900
958	OMIM:606843
950	OMIM:254900
85366	OMIM:192600
85365	OMIM:607906
1767	OMIM:244400|OMIM:608644
6335	OMIM:133020|OMIM:167400|OMIM:243000|OMIM:607208
6337	OMIM:264350
6331	OMIM:108770|OMIM:113900|OMIM:272120|OMIM:601144|OMIM:601154|OMIM:603829|OMIM:603830|OMIM:608567
6338	OMIM:177200|OMIM:211400|OMIM:264350
9672	OMIM:601665
1144	OMIM:253290
8905	OMIM:304340
4968	OMIM:144700
593	OMIM:248600
595	OMIM:114500|OMIM:193300|OMIM:254500
594	OMIM:248600
9459	OMIM:300436
1406	OMIM:120970|OMIM:268000
4210	OMIM:134610|OMIM:249100
1491	OMIM:219500
1540	OMIM:132700|OMIM:601606|OMIM:605041
5573	OMIM:101800|OMIM:160980|OMIM:255960
3265	OMIM:163200|OMIM:188470|OMIM:218040
1493	OMIM:140300|OMIM:152700
338	OMIM:143890|OMIM:144010
335	OMIM:105200|OMIM:604091
336	OMIM:143890
1495	OMIM:608970
3832	OMIM:152950
23431	OMIM:184450
340024	OMIM:138500|OMIM:234500|OMIM:242600
26275	OMIM:250620
9790	OMIM:107600
1497	OMIM:219750|OMIM:219800|OMIM:219900
6103	OMIM:300029|OMIM:304020
6100	OMIM:180104
9119	OMIM:600628
1028	OMIM:130650
64087	OMIM:210210
1594	OMIM:264700
6102	OMIM:312600
3417	OMIM:137800
22934	OMIM:608611
3418	OMIM:137800
4868	OMIM:256300
4869	OMIM:601626
2018	OMIM:269160
4864	OMIM:257220
123041	OMIM:210750
146227	OMIM:117210
6927	OMIM:125853|OMIM:142330|OMIM:144700|OMIM:222100|OMIM:600496
6926	OMIM:181450
51324	OMIM:248900
8379	OMIM:176807
7507	OMIM:278700
26353	OMIM:158590|OMIM:608673
4000	OMIM:115200|OMIM:151660|OMIM:159001|OMIM:176670|OMIM:181350|OMIM:212112|OMIM:248370|OMIM:275210|OMIM:605588
4001	OMIM:169500
3977	OMIM:601559
81790	OMIM:608984
81794	OMIM:277600
201294	OMIM:608898
85300	OMIM:601238
80224	OMIM:252010
22930	OMIM:600118
6310	OMIM:164400
6311	OMIM:168600|OMIM:183090
6314	OMIM:164500
9652	OMIM:222470
10128	OMIM:220111
10436	OMIM:211180
3425	OMIM:607014|OMIM:607015
1644	OMIM:608643
1641	OMIM:300067
1643	OMIM:278740
383	OMIM:207800
197131	OMIM:243800
5551	OMIM:603553|OMIM:605027
1203	OMIM:256731
91647	OMIM:604273
2010	OMIM:310300
959	OMIM:308230
23636	OMIM:271930
6556	OMIM:607948
6559	OMIM:263800
351	OMIM:104300|OMIM:605714
7508	OMIM:278720
359	OMIM:125800
3759	OMIM:170390
6121	OMIM:204100
8671	OMIM:604278
2255	OMIM:149730|OMIM:180920
2250	OMIM:190330
4634	OMIM:608751
2784	OMIM:145500
4803	OMIM:608654
55811	OMIM:143870
2073	OMIM:278780
2077	OMIM:600775
2074	OMIM:211980|OMIM:214150|OMIM:278800|OMIM:600630
9791	OMIM:151050
11315	OMIM:606324
347344	OMIM:300498
54704	OMIM:608782
7080	OMIM:118700|OMIM:188550
6497	OMIM:182212
6496	OMIM:157170|OMIM:269160
6492	OMIM:601665
79650	OMIM:604173
6949	OMIM:154500
6948	OMIM:275350
8398	OMIM:256600
471	OMIM:608688
478	OMIM:128235|OMIM:601338
3198	OMIM:601536
4026	OMIM:601626
4023	OMIM:144250|OMIM:238600
120892	OMIM:607060
55764	OMIM:218330
3998	OMIM:227300
3990	OMIM:125853
57724	OMIM:242840
56052	OMIM:608540
80208	OMIM:602099|OMIM:604360
80207	OMIM:165300|OMIM:258501
100506658	OMIM:251290
85320	OMIM:117800
6519	OMIM:220100
9516	OMIM:601098
124590	OMIM:606943
26040	OMIM:269150|OMIM:601626|OMIM:607785|OMIM:608232
10413	OMIM:120433
9639	OMIM:608236
9321	OMIM:200600
3207	OMIM:605432
3209	OMIM:140000|OMIM:176305
1785	OMIM:160150|OMIM:606482
551	OMIM:125700
5459	OMIM:602459
5456	OMIM:304400
2301	OMIM:107250
4254	OMIM:145250
4256	OMIM:245150
5538	OMIM:256730
79053	OMIM:608104
6575	OMIM:213600
23479	OMIM:255125
64840	OMIM:305600
2271	OMIM:150800|OMIM:606812
5913	OMIM:208150
56916	OMIM:136000
2052	OMIM:189800|OMIM:607748
2055	OMIM:600143
2057	OMIM:133100
9401	OMIM:218600|OMIM:266280|OMIM:268400
246329	OMIM:255995
8312	OMIM:114550|OMIM:607864
10084	OMIM:309500
10082	OMIM:258315
10083	OMIM:276900|OMIM:276904|OMIM:602092
147409	OMIM:607903
285590	OMIM:249420
7068	OMIM:145650|OMIM:188570|OMIM:274300
7066	OMIM:187950
8625	OMIM:209920
8626	OMIM:103285|OMIM:106260|OMIM:129400|OMIM:603543|OMIM:604292|OMIM:605289
3784	OMIM:115000|OMIM:192500|OMIM:220400|OMIM:607554
411	OMIM:253200
1387	OMIM:180849
25915	OMIM:252010
8106	OMIM:164300
161582	OMIM:127700
60482	OMIM:158580
6683	OMIM:182601
6687	OMIM:607259
7849	OMIM:218700
7841	OMIM:606056
6356	OMIM:600807
5048	OMIM:607432
10165	OMIM:603471|OMIM:605814
1816	OMIM:143465|OMIM:606798
1811	OMIM:214700
54977	OMIM:205950
9247	OMIM:146200
4952	OMIM:309000
51099	OMIM:275630
3321	OMIM:149700
3329	OMIM:605280
5479	OMIM:259440
3972	OMIM:228300
5519	OMIM:211980
27019	OMIM:244400
9365	OMIM:211900
6513	OMIM:601042|OMIM:606777|OMIM:608885
6514	OMIM:125853|OMIM:227810
6517	OMIM:125853
3815	OMIM:172800|OMIM:273300|OMIM:601626|OMIM:606764
23495	OMIM:240500
8450	OMIM:300354
7547	OMIM:306955|OMIM:314390
2213	OMIM:152700
2212	OMIM:152700|OMIM:219700
2218	OMIM:253800
9429	OMIM:138900
4724	OMIM:252010|OMIM:256000
63895	OMIM:108145|OMIM:114300|OMIM:248700
84627	OMIM:229200
9289	OMIM:606854
7305	OMIM:221770
54507	OMIM:225100|OMIM:225200
10481	OMIM:176807
7045	OMIM:121900|OMIM:122200|OMIM:602082|OMIM:607541|OMIM:608470
7046	OMIM:132800
7040	OMIM:131300|OMIM:219700
7043	OMIM:107970
7048	OMIM:133239
10382	OMIM:128101
633	OMIM:300106
4358	OMIM:256810
4359	OMIM:118200|OMIM:145900|OMIM:180800|OMIM:605253|OMIM:607677|OMIM:607736|OMIM:607791
4351	OMIM:602579
4352	OMIM:254450|OMIM:601977|OMIM:604498
4353	OMIM:104300|OMIM:254600
11005	OMIM:147050|OMIM:256500
157570	OMIM:268300|OMIM:269000
435	OMIM:207900
2244	OMIM:202400
64093	OMIM:206920
27130	OMIM:602088
4292	OMIM:114500|OMIM:120435|OMIM:158320|OMIM:276300
5351	OMIM:225400
64127	OMIM:186580|OMIM:266600|OMIM:607507
9361	OMIM:600373
1836	OMIM:222600|OMIM:226900|OMIM:256050|OMIM:600972
1837	OMIM:604169
3795	OMIM:229800
2155	OMIM:227500|OMIM:608446
2153	OMIM:188055|OMIM:227400|OMIM:600880|OMIM:601367
2158	OMIM:122700|OMIM:306900
2159	OMIM:227600
5199	OMIM:312060
1956	OMIM:211980
1959	OMIM:145900|OMIM:605253|OMIM:607678
3248	OMIM:119900|OMIM:259100
3242	OMIM:140350|OMIM:276710
1482	OMIM:108900|OMIM:187500|OMIM:217095
2068	OMIM:278730|OMIM:601675
2798	OMIM:146110
2799	OMIM:252940
613	OMIM:608232
161497	OMIM:603720
2064	OMIM:137800|OMIM:211980
29929	OMIM:603147
627	OMIM:164230|OMIM:209880|OMIM:607499
6535	OMIM:300352
6530	OMIM:604715
8792	OMIM:174810|OMIM:602080
129563	OMIM:267000
3872	OMIM:167210|OMIM:184500
3875	OMIM:215600
4163	OMIM:114500
284252	OMIM:181270
4069	OMIM:105200
8642	OMIM:601390|OMIM:607829
2235	OMIM:177000
5932	OMIM:251255|OMIM:606744
2099	OMIM:157300|OMIM:608446
64374	OMIM:248800
51062	OMIM:182600
23592	OMIM:155950|OMIM:166700
7369	OMIM:162000|OMIM:603860
5498	OMIM:176200
7021	OMIM:169100
7020	OMIM:113620
10225	OMIM:211750
112476	OMIM:128200|OMIM:602066|OMIM:605751
7010	OMIM:600195
1033	OMIM:114550
8660	OMIM:125853
4089	OMIM:139210|OMIM:174900|OMIM:260350
5728	OMIM:153480|OMIM:155600|OMIM:158350|OMIM:176807|OMIM:276950|OMIM:605309|OMIM:607174
6647	OMIM:105400
7804	OMIM:608446
91949	OMIM:608779
150468	OMIM:272440
6399	OMIM:313400
6392	OMIM:114900|OMIM:168000|OMIM:171300|OMIM:252011|OMIM:606864
6390	OMIM:115310|OMIM:171300|OMIM:604287|OMIM:606764|OMIM:606864
6391	OMIM:605373|OMIM:606764|OMIM:606864
81704	OMIM:243700
80199	OMIM:182940
2175	OMIM:227650
84295	OMIM:301900
5122	OMIM:600955
440275	OMIM:234810
375298	OMIM:608380
10157	OMIM:238700
6885	OMIM:157800
6888	OMIM:606003
728294	OMIM:600721
79796	OMIM:263210|OMIM:608776
1201	OMIM:204200
1200	OMIM:204500
59344	OMIM:606545
1355	OMIM:256000
4149	OMIM:171300
4148	OMIM:140600|OMIM:607078|OMIM:608728
4143	OMIM:250850
3856	OMIM:215600
3857	OMIM:144200
3852	OMIM:131760|OMIM:131800|OMIM:131900|OMIM:131960|OMIM:179850|OMIM:601001
3850	OMIM:122100
3858	OMIM:113800|OMIM:607602
3848	OMIM:113800|OMIM:144200|OMIM:146590|OMIM:600962|OMIM:607602|OMIM:607654
246213	OMIM:605583
55997	OMIM:605376
60506	OMIM:310500
4552	OMIM:236270|OMIM:601634
64421	OMIM:602450|OMIM:603554
5428	OMIM:157640|OMIM:203700|OMIM:256000|OMIM:258450|OMIM:607459
5830	OMIM:202370|OMIM:214110
64699	OMIM:601072
2617	OMIM:600794|OMIM:601472
10020	OMIM:269921|OMIM:605820
7003	OMIM:108985
3973	OMIM:176410|OMIM:238320
5880	OMIM:608203
1050	OMIM:601626
1053	OMIM:245480
4312	OMIM:226600|OMIM:606963
4313	OMIM:259600
1180	OMIM:160800|OMIM:255700
3110	OMIM:176450
8647	OMIM:601847|OMIM:605479
8643	OMIM:109400|OMIM:155255|OMIM:605462
50485	OMIM:242900
5745	OMIM:125350|OMIM:156400|OMIM:215045|OMIM:600002
51684	OMIM:109400|OMIM:155255|OMIM:607174
56159	OMIM:309120
6662	OMIM:114290
142680	OMIM:241530
26229	OMIM:245600
2132	OMIM:133701
26227	OMIM:256520|OMIM:601815
4942	OMIM:258870
79944	OMIM:236792
4948	OMIM:203200
2110	OMIM:231680
4010	OMIM:161200
5245	OMIM:114480
3988	OMIM:278000
1727	OMIM:250800
6862	OMIM:182940
3028	OMIM:300220|OMIM:300438
10019	OMIM:133100|OMIM:187950|OMIM:254450
7352	OMIM:601665
669	OMIM:222800
668	OMIM:110100|OMIM:608996
8431	OMIM:601665
8438	OMIM:114480|OMIM:605027
9821	OMIM:114480
9820	OMIM:273750
64802	OMIM:608553
5687	OMIM:608446
84189	OMIM:221200
81693	OMIM:261100
51744	OMIM:180300
5972	OMIM:267430
25782	OMIM:212720
27329	OMIM:605019
889	OMIM:116860
2582	OMIM:230350
2581	OMIM:245200
2588	OMIM:253000
286	OMIM:182900
2639	OMIM:231670
10002	OMIM:268100
2632	OMIM:232500|OMIM:263570
10262	OMIM:154400
9049	OMIM:102200|OMIM:600634
3549	OMIM:112500|OMIM:607778
762	OMIM:600852
79147	OMIM:606612|OMIM:607155
1075	OMIM:170650|OMIM:245000|OMIM:245010
5583	OMIM:601367
4337	OMIM:252150
4330	OMIM:607174
775	OMIM:601005
771	OMIM:143860
2072	OMIM:278760
1280	OMIM:108300|OMIM:132450|OMIM:150600|OMIM:151210|OMIM:156550|OMIM:183900|OMIM:184250|OMIM:200610|OMIM:215150|OMIM:271700|OMIM:604864|OMIM:608805
7422	OMIM:603933
7421	OMIM:277440
7428	OMIM:144700|OMIM:171300|OMIM:193300|OMIM:263400
6605	OMIM:607174
6606	OMIM:253300|OMIM:253400|OMIM:253550
6607	OMIM:253300|OMIM:253400|OMIM:253550
6608	OMIM:601707|OMIM:605462
6609	OMIM:257200|OMIM:607616
1282	OMIM:175780|OMIM:180000|OMIM:269160|OMIM:607595
139285	OMIM:300373
3736	OMIM:160120
1896	OMIM:305100|OMIM:313500
1890	OMIM:603041
1893	OMIM:247100
4921	OMIM:271665
4692	OMIM:176270
2131	OMIM:133700|OMIM:215300
2138	OMIM:113650|OMIM:166780|OMIM:602588
93986	OMIM:602081
57167	OMIM:147750|OMIM:607323
57165	OMIM:608804
5167	OMIM:125853|OMIM:208000|OMIM:601665|OMIM:602475
26503	OMIM:269920|OMIM:604369
80331	OMIM:162350
1798	OMIM:608093
10021	OMIM:163800
6843	OMIM:108600
2070	OMIM:601316|OMIM:605362
9469	OMIM:143095
6591	OMIM:172800|OMIM:608890
6595	OMIM:601358
6598	OMIM:162091
22868	OMIM:220110
30835	OMIM:607948
145873	OMIM:608681
3094	OMIM:137200
53630	OMIM:115300
3892	OMIM:158000
3897	OMIM:303350|OMIM:304100|OMIM:307000
116519	OMIM:144650|OMIM:145750
56172	OMIM:118600|OMIM:123000
145258	OMIM:602471
5959	OMIM:136880
3373	OMIM:601492
154	OMIM:600807|OMIM:601665
2653	OMIM:605899
2657	OMIM:187500|OMIM:217095
7389	OMIM:176100
2566	OMIM:607681
10280	OMIM:605726
84334	OMIM:220110
3569	OMIM:108010|OMIM:125853|OMIM:148000|OMIM:266600|OMIM:604302
4487	OMIM:106600|OMIM:189500|OMIM:608874
4481	OMIM:176807
4488	OMIM:168500|OMIM:168550|OMIM:604757
2903	OMIM:245570
701	OMIM:114500|OMIM:176430|OMIM:257300
200879	OMIM:604379
5313	OMIM:102900|OMIM:266200
5310	OMIM:173900
5317	OMIM:604536
5314	OMIM:263200
2487	OMIM:165720
1630	OMIM:114500|OMIM:133239|OMIM:157600
23169	OMIM:269250
3155	OMIM:246450
3159	OMIM:125853
3158	OMIM:605911
1636	OMIM:267430
79695	OMIM:608812
8572	OMIM:166710
8573	OMIM:300422
7401	OMIM:276902
6628	OMIM:117650
6622	OMIM:127750|OMIM:168601
6620	OMIM:127750
29958	OMIM:605850
84930	OMIM:188000
2539	OMIM:134700
1340	OMIM:220110
4715	OMIM:252010
2332	OMIM:311360
2334	OMIM:309548
2335	OMIM:601894
4719	OMIM:252010
30813	OMIM:148300
3717	OMIM:133100|OMIM:254450|OMIM:263300|OMIM:601626
2303	OMIM:153400
3718	OMIM:600802
2717	OMIM:301500
2488	OMIM:229070
387129	OMIM:608584
5144	OMIM:606799
64072	OMIM:601067|OMIM:601386
126	OMIM:103780|OMIM:168600
1186	OMIM:166600
1184	OMIM:300009|OMIM:310468
1183	OMIM:300114
10342	OMIM:604484
5422	OMIM:301220
10347	OMIM:608907
7249	OMIM:606690
7248	OMIM:191100|OMIM:606690
6821	OMIM:272300
23218	OMIM:139090
8813	OMIM:608799
6495	OMIM:605192|OMIM:608389
10060	OMIM:239850|OMIM:608569
114327	OMIM:254770|OMIM:607631
79651	OMIM:148500
11146	OMIM:138000
11141	OMIM:300143
1513	OMIM:265800
23676	OMIM:300066
54209	OMIM:221770
5979	OMIM:142623|OMIM:155240|OMIM:162300|OMIM:171300|OMIM:171400|OMIM:209880
114798	OMIM:137580
51251	OMIM:266120
269	OMIM:261550
268	OMIM:261550
6010	OMIM:136880
149233	OMIM:605606
57465	OMIM:220500|OMIM:605021
3508	OMIM:604320
5081	OMIM:268220
5080	OMIM:106210|OMIM:120200|OMIM:120430|OMIM:136520|OMIM:148190|OMIM:165550|OMIM:604229
2670	OMIM:203450
2672	OMIM:607847
2677	OMIM:277450
5333	OMIM:151600
5339	OMIM:131950|OMIM:226670
121278	OMIM:608516
3172	OMIM:125850|OMIM:125853
3176	OMIM:600807
726	OMIM:193235
1161	OMIM:216400
23534	OMIM:608423
2584	OMIM:230200
8557	OMIM:601954|OMIM:607487
9380	OMIM:260000
7466	OMIM:116400|OMIM:125853|OMIM:222300|OMIM:600965
55612	OMIM:173650
55343	OMIM:266265
50640	OMIM:251950
4935	OMIM:300500
2316	OMIM:300048|OMIM:300049|OMIM:300244|OMIM:300321|OMIM:304120|OMIM:305620|OMIM:309350|OMIM:311300|OMIM:314400
4938	OMIM:222100
3779	OMIM:608622
4653	OMIM:137750|OMIM:231300
1130	OMIM:214500
1137	OMIM:188890|OMIM:600513
103	OMIM:127400
100	OMIM:102700
80114	OMIM:601331
10381	OMIM:600638
344	OMIM:207750
6524	OMIM:233100
6208	OMIM:153550
54476	OMIM:212840
10564	OMIM:608097
10568	OMIM:265100
55755	OMIM:604804
2206	OMIM:147050
1757	OMIM:268900
1756	OMIM:300376|OMIM:302045|OMIM:310200
22861	OMIM:606579
1285	OMIM:104200|OMIM:141200|OMIM:203780
1287	OMIM:301050
1286	OMIM:141200|OMIM:203780
1289	OMIM:130000
5626	OMIM:262600
5625	OMIM:239500|OMIM:600850
5624	OMIM:176860
5621	OMIM:123400|OMIM:137440|OMIM:245300|OMIM:600072|OMIM:603218|OMIM:606688
8493	OMIM:114480
339453	OMIM:607454
5994	OMIM:209920
5993	OMIM:209920
10483	OMIM:224100
5660	OMIM:249900
128866	OMIM:605387
6785	OMIM:133190|OMIM:600110
6786	OMIM:160565|OMIM:185070
140803	OMIM:602014
10269	OMIM:275210|OMIM:608612
55806	OMIM:146550|OMIM:203655|OMIM:209500
242	OMIM:242100
249	OMIM:146300|OMIM:241500|OMIM:241510
10913	OMIM:129490|OMIM:224900
9241	OMIM:184460|OMIM:185800|OMIM:186500|OMIM:186570
9533	OMIM:248390
9244	OMIM:272430
219844	OMIM:236680
3690	OMIM:187800|OMIM:273800|OMIM:608446
3691	OMIM:131800|OMIM:226650|OMIM:226730
341640	OMIM:219000
10715	OMIM:187500|OMIM:208530|OMIM:217095
2697	OMIM:104100|OMIM:133200|OMIM:164200|OMIM:186100|OMIM:218400|OMIM:234100|OMIM:241550|OMIM:257850|OMIM:600309
2690	OMIM:143890|OMIM:262500|OMIM:604271
54982	OMIM:204300|OMIM:601780
8600	OMIM:259710
4534	OMIM:310400
1141	OMIM:605375
1146	OMIM:253290|OMIM:265000
23513	OMIM:182940
8028	OMIM:601626
8022	OMIM:221750
8021	OMIM:601626
7443	OMIM:607596
2767	OMIM:145981
27031	OMIM:208540|OMIM:267010|OMIM:604387
65078	OMIM:181500
200942	OMIM:236000
55325	OMIM:142669
4281	OMIM:300000
4286	OMIM:103470|OMIM:103500|OMIM:193510
4287	OMIM:109150
65217	OMIM:601067|OMIM:602083
4750	OMIM:263520
5873	OMIM:607624
55636	OMIM:214800
55630	OMIM:201100
3758	OMIM:241200
3752	OMIM:607346
3757	OMIM:115000
4633	OMIM:608758
57674	OMIM:607151
203228	OMIM:105550
51135	OMIM:607676
63916	OMIM:606893
2737	OMIM:146510|OMIM:174200|OMIM:174700|OMIM:175700|OMIM:241800
2730	OMIM:608446
2731	OMIM:605899
2048	OMIM:176807|OMIM:603688
9180	OMIM:105250
6223	OMIM:105650
5888	OMIM:114480
9414	OMIM:607748
57509	OMIM:114550
5274	OMIM:604218
2978	OMIM:602093
3039	OMIM:140700|OMIM:604131
3034	OMIM:235800
3030	OMIM:609015|OMIM:609016
3032	OMIM:609015
3033	OMIM:231530
79738	OMIM:209900
79731	OMIM:256000
5605	OMIM:115150
51816	OMIM:182410
4693	OMIM:305390|OMIM:310600
8942	OMIM:236800
6424	OMIM:265900
4695	OMIM:256000
727857	OMIM:607539
4694	OMIM:252010
6768	OMIM:602400
54332	OMIM:214400|OMIM:607706|OMIM:607831|OMIM:608340
229	OMIM:229600
55863	OMIM:252010
224	OMIM:270200
10312	OMIM:259700
374291	OMIM:252010|OMIM:256000
26058	OMIM:607688
1991	OMIM:162800|OMIM:202700
23175	OMIM:268200
10194	OMIM:607842
10195	OMIM:601110
1528	OMIM:250790
116369	OMIM:606766
1629	OMIM:248600
5189	OMIM:214100|OMIM:234580|OMIM:601539
1120	OMIM:602541
1121	OMIM:303100
1123	OMIM:604356
3208	OMIM:224500
203547	OMIM:310440
8516	OMIM:191830
8517	OMIM:300291|OMIM:300301|OMIM:308300
8048	OMIM:607482
8518	OMIM:223900
131669	OMIM:276880
2705	OMIM:145900|OMIM:302800
23064	OMIM:602433|OMIM:606002
80144	OMIM:219000
554	OMIM:304800
1690	OMIM:601369
4771	OMIM:101000|OMIM:162091|OMIM:607174
201163	OMIM:114500|OMIM:135150|OMIM:144700|OMIM:173600
55650	OMIM:239300
55654	OMIM:171300
56652	OMIM:271245
4613	OMIM:164280
4615	OMIM:153600
51151	OMIM:606574
4882	OMIM:602875
2706	OMIM:124500|OMIM:148210|OMIM:148350|OMIM:149200|OMIM:220290|OMIM:601544|OMIM:602540
2700	OMIM:601885
2702	OMIM:108770
27232	OMIM:606664
2710	OMIM:307030
2719	OMIM:194070|OMIM:312870
7957	OMIM:254780
7227	OMIM:190350|OMIM:190351
3566	OMIM:147050
1716	OMIM:251880
10686	OMIM:248250
6247	OMIM:312700
10516	OMIM:219100|OMIM:608895
825	OMIM:253600
346007	OMIM:602772
79628	OMIM:601596
3889	OMIM:158000
1717	OMIM:270400
5257	OMIM:261750
1718	OMIM:602398
11128	OMIM:607694
5663	OMIM:172700|OMIM:600274|OMIM:607822
5664	OMIM:606889
355	OMIM:601859
23230	OMIM:200150
6403	OMIM:147050
19	OMIM:143890|OMIM:205400|OMIM:604091
27032	OMIM:169600
27030	OMIM:114500
3908	OMIM:607855
3909	OMIM:226650|OMIM:226700|OMIM:245660
389434	OMIM:274800
219285	OMIM:159550
204	OMIM:267500
207	OMIM:114480|OMIM:114500|OMIM:176920
208	OMIM:125853|OMIM:240900
166785	OMIM:251100
2747	OMIM:168600
3659	OMIM:211980
3655	OMIM:226730
3651	OMIM:125853|OMIM:260370|OMIM:606392
2521	OMIM:608030
925	OMIM:608957
5396	OMIM:202650
5395	OMIM:120435|OMIM:276300
7450	OMIM:193400|OMIM:277480
79718	OMIM:602342
157680	OMIM:216550
55505	OMIM:224230
785	OMIM:607682
57082	OMIM:604321
1371	OMIM:121300
7157	OMIM:114480|OMIM:114500|OMIM:114550|OMIM:137800|OMIM:151623|OMIM:202300|OMIM:259500|OMIM:260350|OMIM:260500|OMIM:607107
137814	OMIM:217095
7486	OMIM:277700
7480	OMIM:225300
2896	OMIM:607485
1103	OMIM:254210
3835	OMIM:603546
8898	OMIM:601382
23474	OMIM:602473
26511	OMIM:601626
6906	OMIM:314200
5836	OMIM:232700
5832	OMIM:219150|OMIM:601162
11254	OMIM:300306
64788	OMIM:246650
4036	OMIM:222448
64327	OMIM:135750|OMIM:174500|OMIM:186200|OMIM:188740|OMIM:200500
3082	OMIM:608265
2243	OMIM:105200|OMIM:202400
2778	OMIM:102200|OMIM:103580|OMIM:166350|OMIM:174800|OMIM:219080|OMIM:603233
4893	OMIM:114500|OMIM:137550|OMIM:162900|OMIM:163200|OMIM:188470|OMIM:249400|OMIM:607785
2771	OMIM:192605
2773	OMIM:602483
2776	OMIM:163000|OMIM:185300
9496	OMIM:147891
6262	OMIM:115000|OMIM:600996|OMIM:604772
6261	OMIM:117000|OMIM:145600|OMIM:255320
51422	OMIM:194200|OMIM:261740|OMIM:600858
51079	OMIM:607464
1588	OMIM:139300
8893	OMIM:603896
8892	OMIM:603896
8891	OMIM:603896
8890	OMIM:603896
1738	OMIM:246900
1730	OMIM:300511
1736	OMIM:305000
487	OMIM:601003
4907	OMIM:211800
3073	OMIM:272800
3074	OMIM:268800
1593	OMIM:213700
3077	OMIM:104300|OMIM:176100|OMIM:176200|OMIM:235200
27445	OMIM:608027
284403	OMIM:604317
5649	OMIM:257320
5648	OMIM:257920
5645	OMIM:167800
29078	OMIM:252010
488	OMIM:101900|OMIM:124200
30009	OMIM:208550
6469	OMIM:142945|OMIM:147250|OMIM:269160
50833	OMIM:103780
8301	OMIM:601626
9939	OMIM:274000
3674	OMIM:187800|OMIM:273800
2548	OMIM:232300
5002	OMIM:114480|OMIM:211980|OMIM:268210
5009	OMIM:311250
8483	OMIM:603932
122042	OMIM:219050
2147	OMIM:188050|OMIM:601367
64221	OMIM:607313
64220	OMIM:601186
84572	OMIM:252605
275	OMIM:605899
79092	OMIM:173200|OMIM:602723
89910	OMIM:244450
23545	OMIM:219200|OMIM:278250
1471	OMIM:105150
1476	OMIM:254800
1475	OMIM:607936
23022	OMIM:606856
4221	OMIM:131100|OMIM:145000
4222	OMIM:214300
5589	OMIM:174050
221496	OMIM:212500
8481	OMIM:300209|OMIM:300424|OMIM:311200
5309	OMIM:107250
11277	OMIM:152700|OMIM:192315|OMIM:225750
3730	OMIM:308700
121391	OMIM:194300
2289	OMIM:608516
2053	OMIM:143890
4920	OMIM:113000|OMIM:268310
10907	OMIM:608572
9129	OMIM:601414
8313	OMIM:114500|OMIM:608615
10653	OMIM:270420
183	OMIM:145500|OMIM:267430
26137	OMIM:259050
189	OMIM:259900
113246	OMIM:218340
861	OMIM:601399|OMIM:601626
860	OMIM:119600|OMIM:156510
2022	OMIM:187300
493856	OMIM:604928
3054	OMIM:309541
3052	OMIM:309801
91179	OMIM:600920
8706	OMIM:111400
9927	OMIM:601152
4595	OMIM:114500|OMIM:132600|OMIM:608456
1316	OMIM:176807
1312	OMIM:167870|OMIM:181500
6916	OMIM:231095
6910	OMIM:142900
6913	OMIM:260660
6448	OMIM:252900
53904	OMIM:607101
50814	OMIM:308050
6708	OMIM:130600|OMIM:266140|OMIM:270970
8328	OMIM:187900
8322	OMIM:133780
4059	OMIM:247420
3614	OMIM:180105
116442	OMIM:300271|OMIM:311510
23095	OMIM:118210|OMIM:171300|OMIM:256700
3845	OMIM:109800|OMIM:114480|OMIM:137215|OMIM:163200|OMIM:211980|OMIM:260350|OMIM:601626
23096	OMIM:309530
5818	OMIM:225060
80270	OMIM:607765
867	OMIM:607785
64241	OMIM:210250
64240	OMIM:210250
1536	OMIM:306400
1244	OMIM:237500
3098	OMIM:235700|OMIM:605285
641	OMIM:210900
8910	OMIM:159900
8915	OMIM:137245|OMIM:156240|OMIM:273300|OMIM:605027
54904	OMIM:601626
54901	OMIM:125853
54903	OMIM:249000
5191	OMIM:215100
1678	OMIM:304700
1674	OMIM:181400|OMIM:601419|OMIM:604765
7292	OMIM:608446
1410	OMIM:608810
1411	OMIM:600881
1412	OMIM:115900
4204	OMIM:105830|OMIM:300055|OMIM:300260|OMIM:300496|OMIM:312750
4205	OMIM:608320
11216	OMIM:115080
3356	OMIM:103780|OMIM:164230|OMIM:181500|OMIM:606788|OMIM:608516
149998	OMIM:145750
23405	OMIM:138800|OMIM:180295|OMIM:601200
472	OMIM:114480|OMIM:208900
27247	OMIM:605711
27249	OMIM:277410
4891	OMIM:206100
9499	OMIM:159000|OMIM:182920
6638	OMIM:176270
81846	OMIM:604563
26119	OMIM:603813
22948	OMIM:256840
3423	OMIM:309900
2006	OMIM:123700|OMIM:185500
4854	OMIM:125310
4853	OMIM:102500
1351	OMIM:220110
7390	OMIM:263700
26123	OMIM:258860
136647	OMIM:234050
55315	OMIM:602782
4720	OMIM:252010
443	OMIM:271900
445	OMIM:215700
6934	OMIM:125853
846	OMIM:145980|OMIM:239200
37	OMIM:201475
546	OMIM:300448|OMIM:301040|OMIM:309580
841	OMIM:114480|OMIM:114550|OMIM:211980|OMIM:607271
4070	OMIM:204870
5795	OMIM:114500
3636	OMIM:258480
3630	OMIM:125852|OMIM:606176
60386	OMIM:607196
57716	OMIM:145900
55572	OMIM:252010|OMIM:256000
948	OMIM:608404
6197	OMIM:303600
85378	OMIM:251270
80781	OMIM:267750
6326	OMIM:607745
6324	OMIM:604233
9445	OMIM:117300|OMIM:176500
7138	OMIM:605355
7132	OMIM:142680
7137	OMIM:115210
7136	OMIM:601680
415	OMIM:302950
582	OMIM:209900
580	OMIM:114480
581	OMIM:114500
1436	OMIM:221820
79058	OMIM:606243
4261	OMIM:180300|OMIM:209920
1889	OMIM:145500
5546	OMIM:605074
30061	OMIM:606069
5896	OMIM:601457|OMIM:603554
5897	OMIM:601457|OMIM:603554
11236	OMIM:144700
4914	OMIM:155240|OMIM:256800
2707	OMIM:133200|OMIM:220290
8443	OMIM:222765
23426	OMIM:219000
9896	OMIM:216340
9897	OMIM:220210|OMIM:603563
326	OMIM:240300
324	OMIM:114500|OMIM:114550|OMIM:135290|OMIM:155255|OMIM:175100
1591	OMIM:143880
57522	OMIM:188470
57526	OMIM:300088
91851	OMIM:309300
2651	OMIM:110800|OMIM:116700
2065	OMIM:607598
7436	OMIM:224050
9780	OMIM:194380
9782	OMIM:606070
81031	OMIM:208050
54716	OMIM:138500|OMIM:242600
145173	OMIM:261540
7097	OMIM:114500|OMIM:246300|OMIM:607948
79641	OMIM:226750
1352	OMIM:220110|OMIM:256000
8456	OMIM:601705
463	OMIM:176807
9723	OMIM:214800
8838	OMIM:208230
51371	OMIM:601952
4016	OMIM:177650
4014	OMIM:604117
55775	OMIM:607250
55777	OMIM:156200
3981	OMIM:254500|OMIM:606593
6531	OMIM:188890
1116	OMIM:181500
3561	OMIM:300400|OMIM:312863
124583	OMIM:251450
57192	OMIM:252650
57190	OMIM:255310|OMIM:602771
7879	OMIM:600882
6309	OMIM:607330
10134	OMIM:300475
10133	OMIM:137760|OMIM:606657
2202	OMIM:126600
9568	OMIM:188890
54949	OMIM:601650
486	OMIM:154020
1639	OMIM:105400|OMIM:168605|OMIM:607641
8546	OMIM:608233
2811	OMIM:153670|OMIM:177820|OMIM:231200|OMIM:258660
2812	OMIM:231200
567	OMIM:105200|OMIM:241600
54361	OMIM:158330
5429	OMIM:278750
1188	OMIM:607364
1181	OMIM:607628
57152	OMIM:248300
4247	OMIM:212066
5521	OMIM:604326
81	OMIM:603278
4669	OMIM:252920
3921	OMIM:271400
538	OMIM:300489|OMIM:304150|OMIM:309400
7840	OMIM:203800
7517	OMIM:114480
348	OMIM:104310|OMIM:143890|OMIM:269600
55906	OMIM:314580
2184	OMIM:276700
729238	OMIM:178500
6583	OMIM:180300
8086	OMIM:231550
26154	OMIM:242500|OMIM:601277
6584	OMIM:212140
2263	OMIM:101200|OMIM:101400|OMIM:101600|OMIM:123150|OMIM:123500|OMIM:123790|OMIM:149730|OMIM:207410
2260	OMIM:101600|OMIM:123150|OMIM:147950|OMIM:166250|OMIM:190440
2261	OMIM:100800|OMIM:109800|OMIM:114500|OMIM:146000|OMIM:149730|OMIM:162900|OMIM:182000|OMIM:187600|OMIM:187601|OMIM:273300|OMIM:602849|OMIM:603956
2264	OMIM:176807
4810	OMIM:302200|OMIM:302350
54880	OMIM:300166
11081	OMIM:217300
10166	OMIM:238970
10161	OMIM:278150
9935	OMIM:166300
7078	OMIM:136900
7072	OMIM:604454
1814	OMIM:181500|OMIM:190300
1815	OMIM:143465
162417	OMIM:237310
1373	OMIM:237300
1374	OMIM:255120
401	OMIM:602078
1376	OMIM:255110|OMIM:600649|OMIM:608836
261734	OMIM:606966|OMIM:606996
4038	OMIM:212780
51168	OMIM:600316
5741	OMIM:146200
7852	OMIM:193670
652	OMIM:600625|OMIM:607932
10159	OMIM:300423
4982	OMIM:239000
9620	OMIM:182940
3236	OMIM:192950
3239	OMIM:113200|OMIM:113300|OMIM:186000|OMIM:186300
5193	OMIM:266510
2879	OMIM:250220
54345	OMIM:607823
5443	OMIM:601665
5447	OMIM:201750
2555	OMIM:103780
5506	OMIM:125853
114609	OMIM:607948
5139	OMIM:112410
540	OMIM:277900
545	OMIM:210600
549	OMIM:250950
23607	OMIM:607832
23600	OMIM:214950
6566	OMIM:245340
25953	OMIM:118800
3827	OMIM:228960
285489	OMIM:208150|OMIM:254300
9150	OMIM:604168
3586	OMIM:180300
338557	OMIM:607514
368	OMIM:264800
7535	OMIM:269840
367	OMIM:176807|OMIM:300068|OMIM:312300|OMIM:313200
362	OMIM:600231
2200	OMIM:102370|OMIM:129600|OMIM:154700|OMIM:184900|OMIM:604308|OMIM:608328
2201	OMIM:121050
5130	OMIM:608940
4830	OMIM:256700
4524	OMIM:181500|OMIM:188050|OMIM:236250|OMIM:601634
4522	OMIM:601634
5296	OMIM:603387
5295	OMIM:269880
5290	OMIM:114480|OMIM:114500|OMIM:114550|OMIM:162900|OMIM:182000|OMIM:211980|OMIM:602501
64324	OMIM:117550|OMIM:130650
7337	OMIM:105830
54576	OMIM:143500|OMIM:218800|OMIM:237900|OMIM:606785
10216	OMIM:208250
7058	OMIM:603932
7050	OMIM:142946
7051	OMIM:242300
7054	OMIM:605407
137682	OMIM:252010|OMIM:256000
2998	OMIM:240600
58	OMIM:161800|OMIM:255310
2990	OMIM:253220
54	OMIM:607944
51	OMIM:264470
9990	OMIM:218000
9997	OMIM:256000|OMIM:604377|OMIM:608908
65250	OMIM:277170
1421	OMIM:115700
429	OMIM:209880
427	OMIM:159950|OMIM:228000
28962	OMIM:259720
1420	OMIM:604307
51057	OMIM:217085
356	OMIM:211980|OMIM:601859
1261	OMIM:216900
64132	OMIM:264800|OMIM:605822
64131	OMIM:264800
1427	OMIM:116100
3476	OMIM:300472
118429	OMIM:228600
6690	OMIM:167800|OMIM:608189
9131	OMIM:310490
6341	OMIM:220110
6340	OMIM:177200|OMIM:264350
6347	OMIM:182940|OMIM:607948
57338	OMIM:606438
8997	OMIM:608901
4990	OMIM:212550
4998	OMIM:224690
345611	OMIM:607948
2815	OMIM:231200
3251	OMIM:300322|OMIM:300323
1947	OMIM:304110
3257	OMIM:203300
5468	OMIM:125853|OMIM:601665|OMIM:604367
3339	OMIM:224410|OMIM:255800
1369	OMIM:212070
1969	OMIM:116600
5224	OMIM:261670
3479	OMIM:608747
526	OMIM:124480
83715	OMIM:609006
8288	OMIM:261500
25974	OMIM:153870|OMIM:277400
25978	OMIM:600795
6505	OMIM:222730
92344	OMIM:231070
1967	OMIM:603896
7555	OMIM:602668
84823	OMIM:608709
4175	OMIM:223100
7170	OMIM:255310
7173	OMIM:274500
1548	OMIM:122700|OMIM:188890|OMIM:211980
7391	OMIM:602491
644096	OMIM:252011
5925	OMIM:109800|OMIM:180200|OMIM:182280|OMIM:259500
5921	OMIM:605462|OMIM:608354|OMIM:608355
63901	OMIM:127000|OMIM:602361
999	OMIM:114480|OMIM:137215|OMIM:176807
4507	OMIM:112250
50506	OMIM:607200
81887	OMIM:309585
51339	OMIM:182940
1281	OMIM:100070|OMIM:130020|OMIM:130050
125	OMIM:103780
60681	OMIM:259450
146059	OMIM:224120
146057	OMIM:604432
80025	OMIM:234200|OMIM:607236
9132	OMIM:600101
760	OMIM:259730
7317	OMIM:301830
7036	OMIM:604250
7038	OMIM:608175
5095	OMIM:606054
128674	OMIM:244200
7372	OMIM:258900
7780	OMIM:608118
10999	OMIM:608649
1001	OMIM:225280|OMIM:601553
11330	OMIM:167800
23347	OMIM:158901
6439	OMIM:265120
60495	OMIM:236730
55687	OMIM:580000
392255	OMIM:118100
22856	OMIM:605282
5092	OMIM:264070
57688	OMIM:603671
5096	OMIM:606054
1300	OMIM:156500
26277	OMIM:268130
26278	OMIM:270550
1822	OMIM:125370
2146	OMIM:277590
4976	OMIM:125250|OMIM:165500|OMIM:210000|OMIM:606657
4973	OMIM:608446
54658	OMIM:143500|OMIM:218800|OMIM:237900|OMIM:601816|OMIM:606785
5582	OMIM:605361
3313	OMIM:182170
3315	OMIM:606595|OMIM:608634
22	OMIM:301310
60	OMIM:243310|OMIM:607371
501	OMIM:266100
6523	OMIM:606824
6528	OMIM:274400
8260	OMIM:309800
1145	OMIM:605809|OMIM:608931
3868	OMIM:167200
91942	OMIM:252010|OMIM:256000
1577	OMIM:145500
3861	OMIM:125595|OMIM:131760|OMIM:131800|OMIM:131900|OMIM:161000|OMIM:601001
55213	OMIM:103780
4157	OMIM:203200|OMIM:266300
4159	OMIM:607948
6718	OMIM:235555
6557	OMIM:601678
6716	OMIM:264600
6714	OMIM:114500
1356	OMIM:604290
5903	OMIM:608033
3480	OMIM:270450
3482	OMIM:114550
9607	OMIM:601665
113189	OMIM:601776
378884	OMIM:254780
7374	OMIM:608106
54829	OMIM:603932|OMIM:607850
54822	OMIM:105500
54820	OMIM:605013
7018	OMIM:209300
7015	OMIM:601626
54795	OMIM:604559
100131801	OMIM:220110
29899	OMIM:604213
3786	OMIM:121201
2956	OMIM:114500|OMIM:120435|OMIM:276300
5345	OMIM:262850
3785	OMIM:121200
1029	OMIM:155600|OMIM:155601|OMIM:155755|OMIM:606719
4361	OMIM:604391
8676	OMIM:603552
8675	OMIM:603233
4094	OMIM:601088
50945	OMIM:302905|OMIM:303400
50943	OMIM:222100|OMIM:304790
5732	OMIM:208550
25836	OMIM:122470
6658	OMIM:300123|OMIM:312000
6657	OMIM:206900
6654	OMIM:135300
259236	OMIM:600971
10804	OMIM:129500|OMIM:220290
10801	OMIM:162100
6389	OMIM:252011|OMIM:256000|OMIM:604287
64170	OMIM:212050
7306	OMIM:203290
79955	OMIM:276901|OMIM:605472
4953	OMIM:114500
2166	OMIM:606581
167691	OMIM:604537
2162	OMIM:188050|OMIM:608446
54499	OMIM:213980
3299	OMIM:116800
1908	OMIM:209880
3295	OMIM:233400|OMIM:261515
3293	OMIM:264300
57379	OMIM:605258
147372	OMIM:235510
148738	OMIM:602390
132884	OMIM:193530|OMIM:225500
6899	OMIM:187500|OMIM:188400|OMIM:192430|OMIM:217095
6898	OMIM:276600
2571	OMIM:603513
54757	OMIM:204690
1278	OMIM:130060|OMIM:166200|OMIM:166210|OMIM:166220|OMIM:166710|OMIM:225320|OMIM:259420
79784	OMIM:600652
79783	OMIM:231690
611	OMIM:190900
617	OMIM:256000|OMIM:262000|OMIM:603358
1277	OMIM:114000|OMIM:130000|OMIM:130060|OMIM:166200|OMIM:166210|OMIM:166220|OMIM:166710|OMIM:259420
8241	OMIM:311900
10908	OMIM:215470|OMIM:245800|OMIM:275400
1499	OMIM:114500|OMIM:114550|OMIM:132600|OMIM:155255
9839	OMIM:235730
23111	OMIM:275900
10654	OMIM:175800
170302	OMIM:300004|OMIM:300215|OMIM:300419|OMIM:308350|OMIM:309510
4137	OMIM:172700|OMIM:600274|OMIM:601104
3849	OMIM:146800
55605	OMIM:135700
51204	OMIM:220110
5376	OMIM:118220|OMIM:118300|OMIM:139393|OMIM:145900|OMIM:162500|OMIM:180800
4548	OMIM:250940|OMIM:601634
843	OMIM:603909|OMIM:605027
4547	OMIM:200100|OMIM:605552
27316	OMIM:300238
2591	OMIM:211900
2592	OMIM:230400
5373	OMIM:212065
182	OMIM:118450|OMIM:187500
80067	OMIM:241080
181	OMIM:601665
1071	OMIM:143470
6049	OMIM:133239
2623	OMIM:190685|OMIM:300367|OMIM:314050
2626	OMIM:187500|OMIM:607941
2627	OMIM:187500|OMIM:217095
2624	OMIM:601626
2625	OMIM:146255
185	OMIM:145500|OMIM:267430
7350	OMIM:601665
54806	OMIM:213300|OMIM:608629
54808	OMIM:223800|OMIM:607326
5340	OMIM:217090
152137	OMIM:607453
146183	OMIM:607039
9051	OMIM:604416
9056	OMIM:222700
773	OMIM:108500|OMIM:141500|OMIM:183086
779	OMIM:170400|OMIM:188580|OMIM:601887
778	OMIM:300071|OMIM:300476|OMIM:300600
72	OMIM:155310
71	OMIM:604717
79158	OMIM:252500|OMIM:252600
4306	OMIM:177735|OMIM:605115
525	OMIM:267300
8659	OMIM:239510
29914	OMIM:121800
50964	OMIM:122860|OMIM:239100|OMIM:269500
25814	OMIM:603516
7431	OMIM:116300
7439	OMIM:153700|OMIM:193220
4703	OMIM:256030
2324	OMIM:153100|OMIM:602089
50615	OMIM:147050
570	OMIM:607748
1861	OMIM:128100
3728	OMIM:601214
4683	OMIM:114480|OMIM:251260
2109	OMIM:231680
2108	OMIM:231680
5251	OMIM:307800
2103	OMIM:608565
5116	OMIM:210720
10484	OMIM:607812
80308	OMIM:255100
1789	OMIM:242860
265	OMIM:301200
1786	OMIM:604121
6872	OMIM:314250
57822	OMIM:606713
675	OMIM:114480|OMIM:155255|OMIM:176807|OMIM:194070|OMIM:262400|OMIM:604370|OMIM:605724
672	OMIM:114480|OMIM:604370
673	OMIM:114500|OMIM:115150|OMIM:163950|OMIM:211980|OMIM:605027
171023	OMIM:605039
147138	OMIM:226400
4646	OMIM:606346|OMIM:607821
9856	OMIM:600202
79719	OMIM:148600
5354	OMIM:312080|OMIM:312920
23171	OMIM:272120
89884	OMIM:262700
51738	OMIM:601665
56704	OMIM:607831
25794	OMIM:607921
25793	OMIM:260300
50511	OMIM:270960
64419	OMIM:160150
2643	OMIM:128230|OMIM:233910
2645	OMIM:125851|OMIM:125853|OMIM:602485|OMIM:606176
9210	OMIM:300510
9211	OMIM:600512
9217	OMIM:182980|OMIM:608627
9215	OMIM:608840
54862	OMIM:608443
3798	OMIM:604187
84168	OMIM:230740|OMIM:602089
9076	OMIM:607626
3026	OMIM:188050
3557	OMIM:137215
3553	OMIM:137215
3559	OMIM:601942|OMIM:606367
2916	OMIM:257270
715	OMIM:130080
710	OMIM:106100|OMIM:120790
5308	OMIM:137600|OMIM:180500|OMIM:180550|OMIM:604229
79133	OMIM:252010|OMIM:256000
1063	OMIM:243605
5307	OMIM:119800
2492	OMIM:233300|OMIM:276400|OMIM:608115
4323	OMIM:277950
4322	OMIM:250400|OMIM:602111
3141	OMIM:253270
3145	OMIM:176000
23092	OMIM:607785
25878	OMIM:211980
23322	OMIM:213300|OMIM:216360
7415	OMIM:167320
6611	OMIM:309583
10842	OMIM:143890
10847	OMIM:136140
84942	OMIM:251300
5083	OMIM:604625
3107	OMIM:177900
23209	OMIM:604004
3708	OMIM:117360|OMIM:206700|OMIM:606658
3700	OMIM:143890
2121	OMIM:193530|OMIM:225500
2120	OMIM:601626
6442	OMIM:608099
57623	OMIM:608175
5172	OMIM:274600|OMIM:600791
116085	OMIM:220150
410	OMIM:250100
9681	OMIM:604364
64135	OMIM:182250
7251	OMIM:114480
7252	OMIM:275100
7253	OMIM:275200|OMIM:603373
7259	OMIM:608800
80324	OMIM:600462
80326	OMIM:150400|OMIM:224750|OMIM:257980
6854	OMIM:181500
6853	OMIM:300491
7007	OMIM:601543|OMIM:603629
10594	OMIM:600059
8802	OMIM:245400
8200	OMIM:112600|OMIM:113100|OMIM:200700|OMIM:201250|OMIM:228900
3949	OMIM:143890
7827	OMIM:600995
657	OMIM:174900
658	OMIM:112600
659	OMIM:178600
10599	OMIM:237450
3887	OMIM:158000
55145	OMIM:602629
1778	OMIM:158600
51715	OMIM:201000
65125	OMIM:201300
78987	OMIM:606217
78989	OMIM:265050
1291	OMIM:158810|OMIM:254090
1909	OMIM:157300
22852	OMIM:188000
116228	OMIM:220110
56729	OMIM:125853
10058	OMIM:111600
84140	OMIM:606068
84142	OMIM:114480
54840	OMIM:208920
9095	OMIM:201400
9096	OMIM:143400
200728	OMIM:277170
3575	OMIM:608971
5091	OMIM:266150
2668	OMIM:171300|OMIM:209880
1832	OMIM:605676|OMIM:607450|OMIM:607655
2937	OMIM:231900|OMIM:266130
2934	OMIM:105120
5324	OMIM:181030
5320	OMIM:114500
5328	OMIM:104300|OMIM:601709
1834	OMIM:125420|OMIM:125490|OMIM:125500|OMIM:605594
2266	OMIM:202400
3791	OMIM:602089
2161	OMIM:234000
3162	OMIM:606963
3161	OMIM:114480
2157	OMIM:306700
4054	OMIM:601216
10395	OMIM:114500
8565	OMIM:608323
27185	OMIM:181500|OMIM:604906
7471	OMIM:166710
7473	OMIM:273395
7474	OMIM:180700
7476	OMIM:228930|OMIM:276820
84634	OMIM:176400
26580	OMIM:269700|OMIM:270685|OMIM:600794
11178	OMIM:133239
83394	OMIM:600977
2322	OMIM:601626
4704	OMIM:256000
1298	OMIM:600204|OMIM:603932
4709	OMIM:252010
1299	OMIM:600969|OMIM:603932
287	OMIM:600919
3766	OMIM:600791
3767	OMIM:125853|OMIM:601820|OMIM:606176
3769	OMIM:193230
2317	OMIM:108720|OMIM:108721|OMIM:112310|OMIM:150250|OMIM:272460
4644	OMIM:214450
57609	OMIM:136630
5159	OMIM:601812
5158	OMIM:163500|OMIM:268000
5155	OMIM:607174|OMIM:607907
5157	OMIM:114500|OMIM:114550
5156	OMIM:606764|OMIM:607685
111	OMIM:606703
118	OMIM:145500
203859	OMIM:166260
7273	OMIM:600334|OMIM:603689|OMIM:604145|OMIM:608807
7276	OMIM:105210|OMIM:115430|OMIM:145680
6833	OMIM:125853|OMIM:240800|OMIM:256450|OMIM:606176
10555	OMIM:608594
10558	OMIM:162400
10559	OMIM:603585
388531	OMIM:608415
8823	OMIM:309630
8820	OMIM:182230
1749	OMIM:220600
1747	OMIM:104510|OMIM:190320
5630	OMIM:105400
58495	OMIM:122000
7299	OMIM:103470|OMIM:203100|OMIM:601800|OMIM:606952
1292	OMIM:158810|OMIM:254090|OMIM:255600
1293	OMIM:158810|OMIM:254090
1290	OMIM:130000
1296	OMIM:136800
1294	OMIM:131705|OMIM:131750|OMIM:131850|OMIM:132000|OMIM:226600|OMIM:604129|OMIM:607523
5631	OMIM:301835|OMIM:304500|OMIM:311070
